dataset,titulo,prioridade_auditoria,resultado_auditoria,achado,acao,execucao,evidencia_final
ancine-obras-nao-publicitarias,Obras Nao Publicitarias,P1,Corrigir,Diferenças após normalização: titulo_original (1 células).,"Preservar literais como NA/N/A, definir nulos explicitamente e validar novamente antes de atualizar o snapshot.",Concluído,"Correção aplicada, esquema alinhado ao Parquet e downloads independentes gerados e reabertos."
ancine-diretores-obras,Diretores de Obras,P1,Corrigir,Diferenças após normalização: titulo_original (2 células).,"Preservar literais como NA/N/A, definir nulos explicitamente e validar novamente antes de atualizar o snapshot.",Concluído,"Correção aplicada, esquema alinhado ao Parquet e downloads independentes gerados e reabertos."
ancine-produtores-obras,Produtores de Obras,P1,Corrigir,Diferenças após normalização: titulo_original (2 células).,"Preservar literais como NA/N/A, definir nulos explicitamente e validar novamente antes de atualizar o snapshot.",Concluído,"Correção aplicada, esquema alinhado ao Parquet e downloads independentes gerados e reabertos."
ancine-bilheteria-consolidada,Bilheteria Consolidada,P2,Melhorar,Arquivos tratados abriram e o esquema foi inventariado.,"Disponibilizar CSV e XLSX integrais por tabela, com identificadores como texto, números tipados e dicionário de dados.",Concluído,"Recurso publicado separadamente com Parquet, CSV/CSV.GZ integral e XLSX quando compatível com o tamanho."
ancine-bilheteria-agregada-filme-ano,Bilheteria Agregada Filme x Ano,P2,Melhorar,Arquivos tratados abriram e o esquema foi inventariado.,"Disponibilizar CSV e XLSX integrais por tabela, com identificadores como texto, números tipados e dicionário de dados.",Concluído,"Recurso publicado separadamente com Parquet, CSV/CSV.GZ integral e XLSX quando compatível com o tamanho."
ancine-fsa-projetos,Projetos FSA,P2,Melhorar,Arquivos tratados abriram e o esquema foi inventariado.,"Disponibilizar CSV e XLSX integrais por tabela, com identificadores como texto, números tipados e dicionário de dados.",Concluído,"Recurso publicado separadamente com Parquet, CSV/CSV.GZ integral e XLSX quando compatível com o tamanho."
ancine-renuncia-fiscal,Renuncia Fiscal,P0,Corrigir,"Todos os 18 campos monetários estão nulos nas 4.215 linhas tratadas, incluindo total_captado. O CSV preserva os valores com prefixo R$.","Remover R$ antes da conversão, preservar zeros, reprocessar e reconciliar os 18 campos com o bruto antes de republicar.",Concluído,18 campos monetários reprocessados; reconciliação e teste de regressão aprovados.
ancine-condecine-arrecadacao,CONDECINE - Arrecadacao,P1,Corrigir,Séries anuais e mensais coexistem na mesma tabela. A soma indiscriminada pode contar o mesmo período duas vezes.,Separar anual de mensal; explicitar categorias e totais. Validar total mensal x anual por exercício.,Concluído,"Correção aplicada, esquema alinhado ao Parquet e downloads independentes gerados e reabertos."
ancine-condecine-recolhimento,CONDECINE - Recolhimento por Mecanismo e Contribuinte,P1,Corrigir,"7 arquivos de origem, com totais por mecanismo e recortes por contribuinte, são reunidos numa tabela.",Separar totais por mecanismo e detalhes por empresa; conservar contribuinte e o dispositivo legal de cada recurso.,Concluído,"Correção aplicada, esquema alinhado ao Parquet e downloads independentes gerados e reabertos."
ancine-fomento-fluxos-financeiros,Fomento - Series Historicas Agregadas (OCA),P1,Corrigir,"326 linhas misturam captado, liberado e valores de editais/programas/prêmios.","Separar as 3 séries em recursos e cartões próprios com métrica, moeda, período e unidade claros.",Concluído,Séries do OCA separadas por conceito; o rótulo publicado é Valores Captados/Contratados por Mecanismo.
ancine-ibermedia-projetos,Ibermedia - Projetos Contemplados,P2,Melhorar,Arquivos tratados abriram e o esquema foi inventariado.,"Disponibilizar CSV e XLSX integrais por tabela, com identificadores como texto, números tipados e dicionário de dados.",Concluído,"Recurso publicado separadamente com Parquet, CSV/CSV.GZ integral e XLSX quando compatível com o tamanho."
ancine-coproducao-internacional-projetos,Coproducao Internacional - Projetos Contemplados,P2,Melhorar,Arquivos tratados abriram e o esquema foi inventariado.,"Disponibilizar CSV e XLSX integrais por tabela, com identificadores como texto, números tipados e dicionário de dados.",Concluído,"Recurso publicado separadamente com Parquet, CSV/CSV.GZ integral e XLSX quando compatível com o tamanho."
ancine-apoio-festivais-internacionais,Apoio a Festivais Internacionais - Contemplados,P2,Melhorar,Arquivos tratados abriram e o esquema foi inventariado.,"Disponibilizar CSV e XLSX integrais por tabela, com identificadores como texto, números tipados e dicionário de dados.",Concluído,"Recurso publicado separadamente com Parquet, CSV/CSV.GZ integral e XLSX quando compatível com o tamanho."
ancine-premio-adicional-renda,Premio Adicional de Renda (PAR),P2,Melhorar,Arquivos tratados abriram e o esquema foi inventariado.,"Disponibilizar CSV e XLSX integrais por tabela, com identificadores como texto, números tipados e dicionário de dados.",Concluído,"Recurso publicado separadamente com Parquet, CSV/CSV.GZ integral e XLSX quando compatível com o tamanho."
ancine-filmes-lancados-captacao,Filmes Lancados com Valores Captados (serie historica),P2,Melhorar,Arquivos tratados abriram e o esquema foi inventariado.,"Disponibilizar CSV e XLSX integrais por tabela, com identificadores como texto, números tipados e dicionário de dados.",Concluído,"Recurso publicado separadamente com Parquet, CSV/CSV.GZ integral e XLSX quando compatível com o tamanho."
ancine-captacao-por-projeto-investidor,Captacao por Projeto Incentivado e por Investidor,P0,Corrigir,150.917 linhas combinam 3 fontes. CNPJ do proponente e do investidor estão inteiramente nulos; a origem contém identificadores e nomes.,"Criar 3 conjuntos: captação por projeto; captação por projeto e investidor; aportes por investidor. Recuperar identificadores, datas, UFs e nomes; reconciliar valores por fonte.",Concluído,"Três fontes separadas em três recursos homogêneos, com identificadores e valores reconciliados."
ancine-agentes-economicos,Agentes Economicos,P1,Atualizar,Fonte atual: 18962 registros. Bruto RIDAB: 18616.,"Atualizar o snapshot a partir da origem, reprocessar e registrar data, diferenças e hash. Oferecer download integral por tabela.",Concluído,Snapshot oficial de 2026-09-08 com hash e proveniência; Parquet e downloads integrais reprocessados.
ancine-preco-medio-ingresso,Preco Medio do Ingresso,P2,Melhorar,Arquivos tratados abriram e o esquema foi inventariado.,"Disponibilizar CSV e XLSX integrais por tabela, com identificadores como texto, números tipados e dicionário de dados.",Concluído,"Recurso publicado separadamente com Parquet, CSV/CSV.GZ integral e XLSX quando compatível com o tamanho."
ancine-atas-fsa,Atas Oficiais FSA,P2,Melhorar,Registro oculto. Arquivos tratados abriram e o esquema foi inventariado.,"Decidir explicitamente sobre sua publicação. Disponibilizar CSV e XLSX integrais por tabela, com identificadores como texto, números tipados e dicionário de dados.",Concluído,"Recurso publicado separadamente com Parquet, CSV/CSV.GZ integral e XLSX quando compatível com o tamanho."
ancine-festivais-fsa,Participacao Brasileira em Festivais - FSA,P2,Melhorar,Arquivos tratados abriram e o esquema foi inventariado.,"Disponibilizar CSV e XLSX integrais por tabela, com identificadores como texto, números tipados e dicionário de dados.",Concluído,"Recurso publicado separadamente com Parquet, CSV/CSV.GZ integral e XLSX quando compatível com o tamanho."
oca-publicacoes-complementares,OCA - Inventario de Publicacoes Complementares,P2,Documental,"Registro oculto é um inventário de arquivos e URLs, não uma série factual.","Manter como índice de proveniência; testar conteúdo efetivo dos downloads, pois páginas HTML podem retornar HTTP 200.",Documentado,Registro mantido como inventário/planejamento e excluído da contagem de conjuntos factuais publicados.
br-pib-audiovisual,PIB do Audiovisual - Metodologia ANCINE,P2,Melhorar,Arquivos tratados abriram e o esquema foi inventariado.,"Disponibilizar CSV e XLSX integrais por tabela, com identificadores como texto, números tipados e dicionário de dados.",Concluído,"Recurso publicado separadamente com Parquet, CSV/CSV.GZ integral e XLSX quando compatível com o tamanho."
br-rais-emprego-audiovisual,Emprego no Setor Audiovisual - Metodologia ANCINE,P2,Melhorar,Arquivos tratados abriram e o esquema foi inventariado.,"Disponibilizar CSV e XLSX integrais por tabela, com identificadores como texto, números tipados e dicionário de dados.",Concluído,"Recurso publicado separadamente com Parquet, CSV/CSV.GZ integral e XLSX quando compatível com o tamanho."
br-comercio-exterior-servicos-audiovisuais,Comercio Exterior de Servicos Audiovisuais - Metodologia ANCINE,P2,Melhorar,Arquivos tratados abriram e o esquema foi inventariado.,"Disponibilizar CSV e XLSX integrais por tabela, com identificadores como texto, números tipados e dicionário de dados.",Concluído,"Recurso publicado separadamente com Parquet, CSV/CSV.GZ integral e XLSX quando compatível com o tamanho."
br-comex-bens-audiovisuais,Comex Bens Audiovisuais - Fonte MDIC,P2,Documental,"Registro oculto contém inventário de fonte, sem tabela factual implementada.","Manter identificado como planejamento, sem contá-lo como dataset factual disponível.",Documentado,Registro mantido como inventário/planejamento e excluído da contagem de conjuntos factuais publicados.
br-embrafilme-historico-exibicao,Embrafilme - Historico de Exibicao,P2,Melhorar,Arquivos tratados abriram e o esquema foi inventariado.,"Disponibilizar CSV e XLSX integrais por tabela, com identificadores como texto, números tipados e dicionário de dados.",Concluído,"Recurso publicado separadamente com Parquet, CSV/CSV.GZ integral e XLSX quando compatível com o tamanho."
ibge-seculoxx-cinema,IBGE Seculo XX - Cinema (1971-1985),P2,Melhorar,Arquivos tratados abriram e o esquema foi inventariado.,"Disponibilizar CSV e XLSX integrais por tabela, com identificadores como texto, números tipados e dicionário de dados.",Concluído,"Recurso publicado separadamente com Parquet, CSV/CSV.GZ integral e XLSX quando compatível com o tamanho."
br-bilheteria-historica-complementar,Bilheteria - Serie Historica Complementar,P2,Melhorar,Série composta de fontes com coberturas distintas. O campo raw.path combina caminhos e produz uma pasta de download inválida.,"Oferecer links individuais às fontes e tabela derivada com unidade, cobertura e regra explícita de precedência.",Concluído,"Recurso publicado separadamente com Parquet, CSV/CSV.GZ integral e XLSX quando compatível com o tamanho."
ancine-diversidade-audiovisual,Diversidade Audiovisual - Tabelas Oficiais ANCINE,P2,Melhorar,Arquivos tratados abriram e o esquema foi inventariado.,"Disponibilizar CSV e XLSX integrais por tabela, com identificadores como texto, números tipados e dicionário de dados.",Concluído,"Recurso publicado separadamente com Parquet, CSV/CSV.GZ integral e XLSX quando compatível com o tamanho."
ibge-deflator-ipca,Deflator IPCA,P2,Melhorar,Registro oculto. Arquivos tratados abriram e o esquema foi inventariado.,"Decidir explicitamente sobre sua publicação. Disponibilizar CSV e XLSX integrais por tabela, com identificadores como texto, números tipados e dicionário de dados.",Concluído,"Recurso publicado separadamente com Parquet, CSV/CSV.GZ integral e XLSX quando compatível com o tamanho."
lumiere-cinemas-europa,Filmes Brasileiros em Salas Europeias,P1,Não conclusivo,"A exportação contém 200 filmes, mas o catálogo não registra filtros e parâmetros suficientes para refazer a extração na fonte.","Registrar consulta, filtro Brasil, data, universo e paginação. Reexportar na fonte e validar a cobertura antes de afirmar completude.",Pendente externo,URL oficial corrigida e disponibilidade confirmada em 2026-09-09; o snapshot não registra todos os filtros/paginação necessários para provar completude ou repetir exatamente a consulta.
lumiere-vod-europa,Filmes Brasileiros em VoD Europeu,P1,Não conclusivo,A URL de origem registrada /vod retorna 404. Não foi obtida nova exportação para confronto.,"Atualizar a origem e documentar país, plataformas, data de referência e parâmetros da consulta. Reexportar e comparar.",Pendente externo,URL oficial corrigida e disponibilidade confirmada em 2026-09-09; o snapshot não registra todos os filtros/paginação necessários para provar completude ou repetir exatamente a consulta.
brasil-no-mundo,Brasil no Mundo,P2,Melhorar,Recursos derivados misturam tipos de evidência internacional. O caminho bruto aponta para um script.,Manter downloads separados por recurso e tipo de evidência. Trocar a pasta de brutos por uma lista das fontes e regras de derivação.,Concluído,"Recurso publicado separadamente com Parquet, CSV/CSV.GZ integral e XLSX quando compatível com o tamanho."
cnc-visas-exploitation,Visas d'Exploitation,P2,Melhorar,Arquivos tratados abriram e o esquema foi inventariado.,"Disponibilizar CSV e XLSX integrais por tabela, com identificadores como texto, números tipados e dicionário de dados.",Concluído,"Recurso publicado separadamente com Parquet, CSV/CSV.GZ integral e XLSX quando compatível com o tamanho."
cnc-frequentation-salles,Frequentacao de Salas,P1,Corrigir,"Cabeçalhos sem significado: unnamed_0, unnamed_1.","Identificar o cabeçalho real, remover cabeçalhos e notas do corpo, transformar anos em coluna e tipar cada medida.",Concluído,"Correção aplicada, esquema alinhado ao Parquet e downloads independentes gerados e reabertos."
cnc-etablissements,Estabelecimentos Cinematograficos,P1,Corrigir,"A mesma entidade aparece em colunas alternativas entre anos: nautoc/nauto, nometab/nom_etablissement, depcom/code_commune.",Unificar o esquema entre anos sem juntar conceitos distintos; definir chave estabelecimento + ano e manter códigos como texto.,Concluído,"Correção aplicada, esquema alinhado ao Parquet e downloads independentes gerados e reabertos."
cnc-films-million-entrees,Filmes com Mais de 1 Milhao de Entradas,P1,Corrigir,Cabeçalhos sem significado: unnamed_0.,"Identificar o cabeçalho real, remover cabeçalhos e notas do corpo, transformar anos em coluna e tipar cada medida.",Concluído,"Correção aplicada, esquema alinhado ao Parquet e downloads independentes gerados e reabertos."
cnc-donnees-internationales,Dados Internacionais do Cinema,P1,Corrigir,Cabeçalhos sem significado: unnamed_0.,"Identificar o cabeçalho real, remover cabeçalhos e notas do corpo, transformar anos em coluna e tipar cada medida.",Concluído,"Correção aplicada, esquema alinhado ao Parquet e downloads independentes gerados e reabertos."
cnc-films-agrees,Filmes com Agrement (Producao e Distribuicao),P1,Corrigir,Planilhas anuais usam esquemas diferentes. O arquivo atual baixado não teve igualdade binária confirmada com o espelho.,"Harmonizar nomes e tipos entre anos, reconciliar os arquivos atual e espelhado e explicitar o período efetivamente publicado.",Concluído,"Correção aplicada, esquema alinhado ao Parquet e downloads independentes gerados e reabertos."
cnc-audience-television,Audiencia de Filmes na Televisao,P1,Corrigir,"Cabeçalhos sem significado: unnamed_0, unnamed_4, unnamed_5, unnamed_6, unnamed_7, unnamed_8, unnamed_9.","Identificar o cabeçalho real, remover cabeçalhos e notas do corpo, transformar anos em coluna e tipar cada medida.",Concluído,"Correção aplicada, esquema alinhado ao Parquet e downloads independentes gerados e reabertos."
cnc-films-television,Filmes na Televisao Francesa,P1,Corrigir,"Tabelas diferentes da origem foram empilhadas no mesmo recurso: cnc_films_television [B Diff TV, Diffusions, Films, FilmsInédits, FilmsPT, FilmsPTInédits].","Separar por tabela/conceito da origem; publicar um CSV/XLSX por recurso e cartões próprios quando a unidade de análise mudar. Remover notas, subtotais ambíguos e colunas incompatíveis.",Concluído,"Correção aplicada, esquema alinhado ao Parquet e downloads independentes gerados e reabertos."
cnc-exportacao-programas-audiovisuais,Exportacao de Programas Audiovisuais,P1,Corrigir,"Tabelas diferentes da origem foram empilhadas no mesmo recurso: cnc_exportacao_programas [AmériqueNord, AsieOcéanie, EuropeCent, EuropeOuest, Export, Genre, Géo].","Separar por tabela/conceito da origem; publicar um CSV/XLSX por recurso e cartões próprios quando a unidade de análise mudar. Remover notas, subtotais ambíguos e colunas incompatíveis.",Concluído,"Correção aplicada, esquema alinhado ao Parquet e downloads independentes gerados e reabertos."
cnc-geographie-cinema,Geografia do Cinema Frances,P1,Corrigir,"Tabelas diferentes da origem foram empilhadas no mesmo recurso: cnc_geographie_commune [Art et Essai, RME, TranchePopulation, entrées, fauteuils, indice de fréquentation, multiplexes, recettes, séances]; cnc_geographie_departement [Fiche, RME, RMEAE, RMEG, RMEM, RMEP, entrées, entréesAE, entréesG]; cnc_geographie_region [Fiche, RME, RMEAE, RMEG, RMEM, RMEP, entrées, entréesAE, entréesG]; cnc_geographie_urbain [RME, RMEAE, TranchePopulation, TranchePopulationAE, TranchePopulationGrande, TranchePopulationMoyenne, TranchePopulationPetite, entrées, entréesAE].","Separar por tabela/conceito da origem; publicar um CSV/XLSX por recurso e cartões próprios quando a unidade de análise mudar. Remover notas, subtotais ambíguos e colunas incompatíveis.",Concluído,"Correção aplicada, esquema alinhado ao Parquet e downloads independentes gerados e reabertos."
cnc-public-vod,Publico de VoD na Franca,P1,Corrigir,Cabeçalhos sem significado: unnamed_0.,"Identificar o cabeçalho real, remover cabeçalhos e notas do corpo, transformar anos em coluna e tipar cada medida.",Concluído,"Correção aplicada, esquema alinhado ao Parquet e downloads independentes gerados e reabertos."
cnc-referencias-ativas-vod,Referencias Ativas em VoD,P1,Corrigir,Cabeçalhos sem significado: unnamed_0.,"Identificar o cabeçalho real, remover cabeçalhos e notas do corpo, transformar anos em coluna e tipar cada medida.",Concluído,"Correção aplicada, esquema alinhado ao Parquet e downloads independentes gerados e reabertos."
cnc-consumo-vod,Consumo Domestico de VoD,P1,Corrigir,Cabeçalhos sem significado: unnamed_0.,"Identificar o cabeçalho real, remover cabeçalhos e notas do corpo, transformar anos em coluna e tipar cada medida.",Concluído,"Correção aplicada, esquema alinhado ao Parquet e downloads independentes gerados e reabertos."
cnc-parc-cinematographique,Parque Cinematografico Frances,P2,Melhorar,Arquivos tratados abriram e o esquema foi inventariado.,"Disponibilizar CSV e XLSX integrais por tabela, com identificadores como texto, números tipados e dicionário de dados.",Concluído,"Recurso publicado separadamente com Parquet, CSV/CSV.GZ integral e XLSX quando compatível com o tamanho."
cnc-financement-television,Financiamento da Televisao Francesa,P1,Corrigir,"Tabelas diferentes da origem foram empilhadas no mesmo recurso: cnc_financement_television [abonnement, cap, publicité].","Separar por tabela/conceito da origem; publicar um CSV/XLSX por recurso e cartões próprios quando a unidade de análise mudar. Remover notas, subtotais ambíguos e colunas incompatíveis.",Concluído,"Correção aplicada, esquema alinhado ao Parquet e downloads independentes gerados e reabertos."
cnc-distribution-salles,Distribuicao de Filmes em Salas,P1,Corrigir,"Cabeçalhos sem significado: unnamed_1, unnamed_10, unnamed_11, unnamed_12, unnamed_13, unnamed_14, unnamed_15, unnamed_16.","Identificar o cabeçalho real, remover cabeçalhos e notas do corpo, transformar anos em coluna e tipar cada medida.",Concluído,"Correção aplicada, esquema alinhado ao Parquet e downloads independentes gerados e reabertos."
cnc-public-films,Perfil do Publico de Cinema,P1,Corrigir,"Cabeçalhos sem significado: unnamed_1, unnamed_10, unnamed_2, unnamed_3, unnamed_4, unnamed_5, unnamed_6, unnamed_7.","Identificar o cabeçalho real, remover cabeçalhos e notas do corpo, transformar anos em coluna e tipar cada medida.",Concluído,"Correção aplicada, esquema alinhado ao Parquet e downloads independentes gerados e reabertos."
incaa-espectadores-origem,Espectadores de Cinema por Origem do Filme,P1,Não conclusivo,Arquivos tratados abriram e o esquema foi inventariado. A página original registrada retorna 404 e o download recuperado retorna 403; fonte atual não comparada.,"Atualizar a proveniência para o SINCA, recuperar o CSV oficial e comparar. Corrigir cobertura e unidades por recurso; não repetir 2001–2023 para todos.",Concluído com limitação,"Catálogo oficial SINCA confirmou esquema, unidade e cobertura até 2023. Coberturas e descrições foram corrigidas; nova comparação binária foi bloqueada pelo desafio Cloudflare da origem."
incaa-receita-origem,Receita Cinematografica por Origem do Filme,P1,Não conclusivo,Arquivos tratados abriram e o esquema foi inventariado. A página original registrada retorna 404 e o download recuperado retorna 403; fonte atual não comparada.,"Atualizar a proveniência para o SINCA, recuperar o CSV oficial e comparar. Corrigir cobertura e unidades por recurso; não repetir 2001–2023 para todos.",Concluído com limitação,"Catálogo oficial SINCA confirmou esquema, unidade e cobertura até 2023. Coberturas e descrições foram corrigidas; nova comparação binária foi bloqueada pelo desafio Cloudflare da origem."
incaa-estreias-origem,Estreias Cinematograficas por Origem do Filme,P1,Não conclusivo,Arquivos tratados abriram e o esquema foi inventariado. A página original registrada retorna 404 e o download recuperado retorna 403; fonte atual não comparada.,"Atualizar a proveniência para o SINCA, recuperar o CSV oficial e comparar. Corrigir cobertura e unidades por recurso; não repetir 2001–2023 para todos.",Concluído com limitação,"Catálogo oficial SINCA confirmou esquema, unidade e cobertura até 2023. Coberturas e descrições foram corrigidas; nova comparação binária foi bloqueada pelo desafio Cloudflare da origem."
incaa-espectadores-provincias,Espectadores de Cinema por Provincias Argentinas,P1,Não conclusivo,Arquivos tratados abriram e o esquema foi inventariado. A página original registrada retorna 404 e o download recuperado retorna 403; fonte atual não comparada.,"Atualizar a proveniência para o SINCA, recuperar o CSV oficial e comparar. Corrigir cobertura e unidades por recurso; não repetir 2001–2023 para todos.",Concluído com limitação,"Catálogo oficial SINCA confirmou esquema, unidade e cobertura até 2023. Coberturas e descrições foram corrigidas; nova comparação binária foi bloqueada pelo desafio Cloudflare da origem."
incaa-receita-provincias,Receita de Cinema por Provincias Argentinas,P1,Não conclusivo,Arquivos tratados abriram e o esquema foi inventariado. A página original registrada retorna 404 e o download recuperado retorna 403; fonte atual não comparada.,"Atualizar a proveniência para o SINCA, recuperar o CSV oficial e comparar. Corrigir cobertura e unidades por recurso; não repetir 2001–2023 para todos.",Concluído com limitação,"Catálogo oficial SINCA confirmou esquema, unidade e cobertura até 2023. Coberturas e descrições foram corrigidas; nova comparação binária foi bloqueada pelo desafio Cloudflare da origem."
incaa-participacao-distribuidoras,Participacao das Distribuidoras no Mercado Argentino,P1,Não conclusivo,Arquivos tratados abriram e o esquema foi inventariado. A página original registrada retorna 404 e o download recuperado retorna 403; fonte atual não comparada.,"Atualizar a proveniência para o SINCA, recuperar o CSV oficial e comparar. Corrigir cobertura e unidades por recurso; não repetir 2001–2023 para todos.",Concluído com limitação,"Catálogo oficial SINCA confirmou esquema, unidade e cobertura até 2023. Coberturas e descrições foram corrigidas; nova comparação binária foi bloqueada pelo desafio Cloudflare da origem."
incaa-empregos-longa-metragem,Empregos em Longa-Metragem Nacional Argentina,P1,Não conclusivo,Arquivos tratados abriram e o esquema foi inventariado. A página original registrada retorna 404 e o download recuperado retorna 403; fonte atual não comparada.,"Atualizar a proveniência para o SINCA, recuperar o CSV oficial e comparar. Corrigir cobertura e unidades por recurso; não repetir 2001–2023 para todos.",Concluído com limitação,"Catálogo oficial SINCA confirmou esquema, unidade e cobertura até 2023. Coberturas e descrições foram corrigidas; nova comparação binária foi bloqueada pelo desafio Cloudflare da origem."
incaa-acessos-tv-assinatura,Acessos a Servicos de TV por Assinatura na Argentina,P1,Não conclusivo,Arquivos tratados abriram e o esquema foi inventariado. A página original registrada retorna 404 e o download recuperado retorna 403; fonte atual não comparada.,"Atualizar a proveniência para o SINCA, recuperar o CSV oficial e comparar. Corrigir cobertura e unidades por recurso; não repetir 2001–2023 para todos.",Concluído com limitação,"Catálogo oficial SINCA confirmou esquema, unidade e cobertura até 2023. Coberturas e descrições foram corrigidas; nova comparação binária foi bloqueada pelo desafio Cloudflare da origem."
incaa-receitas-tv-assinatura,Receitas de Servicos de TV por Assinatura na Argentina,P1,Não conclusivo,Arquivos tratados abriram e o esquema foi inventariado. A página original registrada retorna 404 e o download recuperado retorna 403; fonte atual não comparada.,"Atualizar a proveniência para o SINCA, recuperar o CSV oficial e comparar. Corrigir cobertura e unidades por recurso; não repetir 2001–2023 para todos.",Concluído com limitação,"Catálogo oficial SINCA confirmou esquema, unidade e cobertura até 2023. Coberturas e descrições foram corrigidas; nova comparação binária foi bloqueada pelo desafio Cloudflare da origem."
bfi-publicos-cinema,Publicos do Cinema Britanico,P2,Melhorar,Arquivos tratados abriram e o esquema foi inventariado.,"Disponibilizar CSV e XLSX integrais por tabela, com identificadores como texto, números tipados e dicionário de dados.",Concluído,"Recurso publicado separadamente com Parquet, CSV/CSV.GZ integral e XLSX quando compatível com o tamanho."
bfi-bilheteria-2023,Bilheteria do Reino Unido 2023,P1,Corrigir,"Tabelas diferentes da origem foram empilhadas no mesmo recurso: bfi_box_office_2023 [T1, T2]. Abas da origem sem representação indicada no tratado: T3, T4, T5, T6, T7, T8, T9.","Separar por tabela/conceito da origem; publicar um CSV/XLSX por recurso e cartões próprios quando a unidade de análise mudar. Remover notas, subtotais ambíguos e colunas incompatíveis. Publicar as demais ou delimitar explicitamente o escopo do cartão.",Concluído,"Correção aplicada, esquema alinhado ao Parquet e downloads independentes gerados e reabertos."
bfi-exibicao-cinematografica,Exibicao Cinematografica no Reino Unido,P1,Corrigir,"Tabelas diferentes da origem foram empilhadas no mesmo recurso: bfi_exhibition [T1, T2, T3, T4, T5, T6].","Separar por tabela/conceito da origem; publicar um CSV/XLSX por recurso e cartões próprios quando a unidade de análise mudar. Remover notas, subtotais ambíguos e colunas incompatíveis.",Concluído,"Correção aplicada, esquema alinhado ao Parquet e downloads independentes gerados e reabertos."
bfi-educacao-cinematografica,Educacao Cinematografica no Reino Unido,P1,Corrigir,"Registro oculto. Tabelas diferentes da origem foram empilhadas no mesmo recurso: bfi_educacao_cinematografica [T1, T2, T3].","Decidir explicitamente sobre sua publicação. Separar por tabela/conceito da origem; publicar um CSV/XLSX por recurso e cartões próprios quando a unidade de análise mudar. Remover notas, subtotais ambíguos e colunas incompatíveis.",Concluído,"Correção aplicada, esquema alinhado ao Parquet e downloads independentes gerados e reabertos."
bfi-empresas-industria,Empresas da Industria Cinematografica Britanica,P1,Corrigir,"Tabelas diferentes da origem foram empilhadas no mesmo recurso: bfi_empresas_industria [T1, T2, T3, T4, T5, T6, T7, T8].","Separar por tabela/conceito da origem; publicar um CSV/XLSX por recurso e cartões próprios quando a unidade de análise mudar. Remover notas, subtotais ambíguos e colunas incompatíveis.",Concluído,"Correção aplicada, esquema alinhado ao Parquet e downloads independentes gerados e reabertos."
bfi-emprego-industria,Emprego na Industria Cinematografica Britanica,P1,Corrigir,"Tabelas diferentes da origem foram empilhadas no mesmo recurso: bfi_emprego_industria [T1, T2, T3, T4, T5, T6].","Separar por tabela/conceito da origem; publicar um CSV/XLSX por recurso e cartões próprios quando a unidade de análise mudar. Remover notas, subtotais ambíguos e colunas incompatíveis.",Concluído,"Correção aplicada, esquema alinhado ao Parquet e downloads independentes gerados e reabertos."
bfi-video-digital,Filmes em Video Digital no Reino Unido,P1,Corrigir,"Tabelas diferentes da origem foram empilhadas no mesmo recurso: bfi_video_digital [T1, T2, T3, T4, T5].","Separar por tabela/conceito da origem; publicar um CSV/XLSX por recurso e cartões próprios quando a unidade de análise mudar. Remover notas, subtotais ambíguos e colunas incompatíveis.",Concluído,"Correção aplicada, esquema alinhado ao Parquet e downloads independentes gerados e reabertos."
bfi-video-fisico,Filmes em Video Fisico no Reino Unido,P1,Corrigir,"Tabelas diferentes da origem foram empilhadas no mesmo recurso: bfi_video_fisico [T1, T2, T3, T4, T5, T6].","Separar por tabela/conceito da origem; publicar um CSV/XLSX por recurso e cartões próprios quando a unidade de análise mudar. Remover notas, subtotais ambíguos e colunas incompatíveis.",Concluído,"Correção aplicada, esquema alinhado ao Parquet e downloads independentes gerados e reabertos."
bfi-filmes-televisao,Filmes na Televisao Britanica,P1,Corrigir,"Tabelas diferentes da origem foram empilhadas no mesmo recurso: bfi_filmes_televisao [T1, T2, T3, T4, T5, T6, T7, T8, T9].","Separar por tabela/conceito da origem; publicar um CSV/XLSX por recurso e cartões próprios quando a unidade de análise mudar. Remover notas, subtotais ambíguos e colunas incompatíveis.",Concluído,"Correção aplicada, esquema alinhado ao Parquet e downloads independentes gerados e reabertos."
bfi-investimento-publico,Investimento Publico no Cinema Britanico,P1,Corrigir,"Tabelas diferentes da origem foram empilhadas no mesmo recurso: bfi_investimento_publico [T1, T2, T3, T4, T5, T6, T7].","Separar por tabela/conceito da origem; publicar um CSV/XLSX por recurso e cartões próprios quando a unidade de análise mudar. Remover notas, subtotais ambíguos e colunas incompatíveis.",Concluído,"Correção aplicada, esquema alinhado ao Parquet e downloads independentes gerados e reabertos."
bfi-certificacao-obras,Certificacao de Obras Britanicas (Screen Sector),P1,Corrigir,"Tabelas diferentes da origem foram empilhadas no mesmo recurso: bfi_certificacao_obras [T1, T2, T3, T4, T5, T6, T7].","Separar por tabela/conceito da origem; publicar um CSV/XLSX por recurso e cartões próprios quando a unidade de análise mudar. Remover notas, subtotais ambíguos e colunas incompatíveis.",Concluído,"Correção aplicada, esquema alinhado ao Parquet e downloads independentes gerados e reabertos."
bfi-top-filmes-2023,Top Filmes no Reino Unido 2023,P1,Corrigir,"Arquivos tratados abriram e o esquema foi inventariado. Abas da origem sem representação indicada no tratado: T10, T2, T3, T4, T5, T6, T7, T8, T9.","Disponibilizar CSV e XLSX integrais por tabela, com identificadores como texto, números tipados e dicionário de dados. Publicar as demais ou delimitar explicitamente o escopo do cartão.",Concluído,"Correção aplicada, esquema alinhado ao Parquet e downloads independentes gerados e reabertos."
bfi-economia-do-cinema,Economia do Cinema Britanico,P1,Corrigir,Arquivos tratados abriram e o esquema foi inventariado. Abas da origem sem representação indicada no tratado: T2.,"Disponibilizar CSV e XLSX integrais por tabela, com identificadores como texto, números tipados e dicionário de dados. Publicar as demais ou delimitar explicitamente o escopo do cartão.",Concluído,"Correção aplicada, esquema alinhado ao Parquet e downloads independentes gerados e reabertos."
bfi-mercado-cinematografico,Mercado Cinematografico do Reino Unido,P1,Corrigir,"Tabelas diferentes da origem foram empilhadas no mesmo recurso: bfi_uk_film_market [T1, T2, T3].","Separar por tabela/conceito da origem; publicar um CSV/XLSX por recurso e cartões próprios quando a unidade de análise mudar. Remover notas, subtotais ambíguos e colunas incompatíveis.",Concluído,"Correção aplicada, esquema alinhado ao Parquet e downloads independentes gerados e reabertos."
bfi-talentos-britanicos-mundo,Filmes Britanicos e Talentos no Mundo,P1,Corrigir,"Tabelas diferentes da origem foram empilhadas no mesmo recurso: bfi_talentos_mundo [T1, T10, T11, T12, T13, T14, T15, T16, T2].","Separar por tabela/conceito da origem; publicar um CSV/XLSX por recurso e cartões próprios quando a unidade de análise mudar. Remover notas, subtotais ambíguos e colunas incompatíveis.",Concluído,"Correção aplicada, esquema alinhado ao Parquet e downloads independentes gerados e reabertos."
acau-uruguay-apoios-audiovisual,Apoios Audiovisuais do Uruguai,P2,Melhorar,Arquivos tratados abriram e o esquema foi inventariado.,"Disponibilizar CSV e XLSX integrais por tabela, com identificadores como texto, números tipados e dicionário de dados.",Concluído,"Recurso publicado separadamente com Parquet, CSV/CSV.GZ integral e XLSX quando compatível com o tamanho."
ancine-atividades-economicas-agentes,Atividades Econômicas dos Agentes Regulares Registrados na Ancine,P1,Atualizar,Fonte atual: 148217 registros. Bruto RIDAB: 144710.,"Atualizar o snapshot a partir da origem, reprocessar e registrar data, diferenças e hash. Oferecer download integral por tabela.",Concluído,Snapshot oficial de 2026-09-08 com hash e proveniência; Parquet e downloads integrais reprocessados.
ancine-produtoras-independentes,Produtoras Independentes Regulares Registradas na Ancine,P1,Atualizar,Fonte atual: 12260 registros. Bruto RIDAB: 11930.,"Atualizar o snapshot a partir da origem, reprocessar e registrar data, diferenças e hash. Oferecer download integral por tabela.",Concluído,Snapshot oficial de 2026-09-08 com hash e proveniência; Parquet e downloads integrais reprocessados.
ancine-canais-programadoras,Canais de Programação de Programadoras Ativos Credenciados na Ancine,P1,Atualizar,Fonte atual: 389 registros. Bruto RIDAB: 385.,"Atualizar o snapshot a partir da origem, reprocessar e registrar data, diferenças e hash. Oferecer download integral por tabela.",Concluído,Snapshot oficial de 2026-09-08 com hash e proveniência; Parquet e downloads integrais reprocessados.
ancine-canais-distribuicao-obrigatoria,Canais de Programação de Distribuição Obrigatória Ativos Credenciados na Ancine,P2,Melhorar,Arquivos tratados abriram e o esquema foi inventariado.,"Disponibilizar CSV e XLSX integrais por tabela, com identificadores como texto, números tipados e dicionário de dados.",Concluído,"Recurso publicado separadamente com Parquet, CSV/CSV.GZ integral e XLSX quando compatível com o tamanho."
ancine-salas-exibicao-complexos,Salas de Exibição e Complexos Registrados na Ancine,P1,Atualizar,Fonte atual: 6405 registros. Bruto RIDAB: 6367.,"Atualizar o snapshot a partir da origem, reprocessar e registrar data, diferenças e hash. Oferecer download integral por tabela.",Concluído,Snapshot oficial de 2026-09-08 com hash e proveniência; Parquet e downloads integrais reprocessados.
ancine-obras-fomento-indireto,Obras Brasileiras com Fomento Indireto Aprovado (Leis de Incentivo),P1,Atualizar,Fonte atual: 3179 registros. Bruto RIDAB: 3120.,"Atualizar o snapshot a partir da origem, reprocessar e registrar data, diferenças e hash. Oferecer download integral por tabela.",Concluído,Snapshot oficial de 2026-09-08 com hash e proveniência; Parquet e downloads integrais reprocessados.
ancine-obras-investimento-fsa,Obras Brasileiras com Investimento do FSA,P1,Atualizar,Fonte atual: 3301 registros. Bruto RIDAB: 3163.,"Atualizar o snapshot a partir da origem, reprocessar e registrar data, diferenças e hash. Oferecer download integral por tabela.",Concluído,Snapshot oficial de 2026-09-08 com hash e proveniência; Parquet e downloads integrais reprocessados.
ancine-pais-origem-obras-br,País de Origem das Obras Não Publicitárias Brasileiras,P1,Corrigir,Diferenças após normalização: titulo_original (1 células).,"Preservar literais como NA/N/A, definir nulos explicitamente e validar novamente antes de atualizar o snapshot.",Concluído,"Correção aplicada, esquema alinhado ao Parquet e downloads independentes gerados e reabertos."
ancine-obras-estrangeiras-roe,Obras Não Publicitárias Estrangeiras (ROE),P1,Corrigir,Fonte atual: 31311 registros. Bruto RIDAB: 30948. Há 2 ocorrências de notas detectadas em campos de registros.,"Atualizar o snapshot a partir da origem, reprocessar e registrar data, diferenças e hash. Oferecer download integral por tabela.",Concluído,Snapshot oficial de 2026-09-08 promovido; 31.311 linhas reprocessadas.
ancine-diretores-obras-estrangeiras,Diretores de Obras Não Publicitárias Estrangeiras (ROE),P1,Corrigir,Diferenças após normalização: diretor (2 células).,"Preservar literais como NA/N/A, definir nulos explicitamente e validar novamente antes de atualizar o snapshot.",Concluído,"Correção aplicada, esquema alinhado ao Parquet e downloads independentes gerados e reabertos."
ancine-produtores-obras-estrangeiras,Produtores de Obras Não Publicitárias Estrangeiras (ROE),P1,Corrigir,Diferenças após normalização: produtor (1 células).,"Preservar literais como NA/N/A, definir nulos explicitamente e validar novamente antes de atualizar o snapshot.",Concluído,"Correção aplicada, esquema alinhado ao Parquet e downloads independentes gerados e reabertos."
ancine-pais-origem-obras-estrangeiras,País de Origem de Obras Estrangeiras (ROE),P1,Atualizar,Fonte atual: 75409 registros. Bruto RIDAB: 74991.,"Atualizar o snapshot a partir da origem, reprocessar e registrar data, diferenças e hash. Oferecer download integral por tabela.",Concluído,Snapshot oficial de 2026-09-08 com hash e proveniência; Parquet e downloads integrais reprocessados.
ancine-bilheteria-diaria-distribuidoras,Bilheteria Diária — informações de Distribuidoras,P1,Corrigir,O download tratado é um agregado filme × ano × distribuidora. A granularidade diária e por sala fica somente nos brutos.,"Oferecer base diária particionada e cartão separado para o agregado anual. Renomear sessoes: COUNT(*) conta registros reportados, sem comprovar sessões de cinema.",Concluído,"152 CSVs oficiais, 21.274.038 linhas detalhadas em 13 partições anuais e agregado refeito."
ancine-grupos-economicos,Relação de Grupos Econômicos,P1,Atualizar,Fonte atual: 7924 registros. Bruto RIDAB: 7657.,"Atualizar o snapshot a partir da origem, reprocessar e registrar data, diferenças e hash. Oferecer download integral por tabela.",Concluído,Snapshot oficial de 2026-09-08 com hash e proveniência; Parquet e downloads integrais reprocessados.
ancine-crt-obras-nao-publicitarias,CRT — Obras Não Publicitárias Registradas,P1,Corrigir,Fonte atual: 185819 registros. Bruto RIDAB: 184312. Há 2 ocorrências de notas detectadas em campos de registros.,"Atualizar o snapshot a partir da origem, reprocessar e registrar data, diferenças e hash. Oferecer download integral por tabela.",Concluído,Snapshot oficial de 2026-09-08 promovido; 185.819 linhas e dois agregados refeitos.
ancine-crt-obras-publicitarias,CRT — Obras Publicitárias Registradas,P1,Corrigir,Diferenças após normalização: produto_servico_anunciado (1 células).,"Preservar literais como NA/N/A, definir nulos explicitamente e validar novamente antes de atualizar o snapshot.",Concluído,"Correção aplicada, esquema alinhado ao Parquet e downloads independentes gerados e reabertos."
ancine-bilheteria-diaria-exibidoras,Bilheteria Diária — informações de Exibidoras,P1,Corrigir,3 agregados anuais substituem o detalhe diário na camada tratada. COUNT(*) recebe o nome sessoes.,Publicar o detalhe diário particionado e separar os 3 agregados. Usar registros_reportados até validar o significado de sessões.,Concluído,"651 CSVs oficiais, 37.672.799 linhas detalhadas em 13 partições anuais e três agregados refeitos."
ancine-fsa-investimento-contratados,Projetos de Investimento Contratados — FSA (versão PDA),P2,Melhorar,Arquivos tratados abriram e o esquema foi inventariado.,"Disponibilizar CSV e XLSX integrais por tabela, com identificadores como texto, números tipados e dicionário de dados.",Concluído,"Recurso publicado separadamente com Parquet, CSV/CSV.GZ integral e XLSX quando compatível com o tamanho."
ancine-prestacao-contas-processos,Processos em Fase de Prestação de Contas,P1,Atualizar,Fonte atual: 11385 registros. Bruto RIDAB: 11283.,"Atualizar o snapshot a partir da origem, reprocessar e registrar data, diferenças e hash. Oferecer download integral por tabela.",Concluído,Snapshot oficial de 2026-09-08 com hash e proveniência; Parquet e downloads integrais reprocessados.
ancine-filmagem-estrangeira,Filmagem Estrangeira em Território Nacional,P2,Melhorar,O campo local_filmagem_uf foi eliminado do tratado por estar vazio no snapshot.,Preservar o campo do esquema como nulo e documentar a ausência na origem; disponibilizar CSV ou XLSX direto.,Concluído,"Recurso publicado separadamente com Parquet, CSV/CSV.GZ integral e XLSX quando compatível com o tamanho."
ancine-salas-exibicao-evolucao,Salas de Exibição — Evolução Anual,P1,Atualizar,Fonte atual: 68100 registros. Bruto RIDAB: 68063.,"Atualizar o snapshot a partir da origem, reprocessar e registrar data, diferenças e hash. Oferecer download integral por tabela.",Concluído,Snapshot oficial de 2026-09-08 com hash e proveniência; Parquet e downloads integrais reprocessados.
ancine-lancamentos-distribuidoras,Lançamentos Comerciais por Distribuidoras,P1,Atualizar,Fonte atual: 7206 registros. Bruto RIDAB: 7051.,"Atualizar o snapshot a partir da origem, reprocessar e registrar data, diferenças e hash. Oferecer download integral por tabela.",Concluído,Snapshot oficial de 2026-09-08 com hash e proveniência; Parquet e downloads integrais reprocessados.
ancine-agentes-economicos-estrangeiros,Agentes Econômicos Estrangeiros,P1,Atualizar,Fonte atual: 106 registros. Bruto RIDAB: 105.,"Atualizar o snapshot a partir da origem, reprocessar e registrar data, diferenças e hash. Oferecer download integral por tabela.",Concluído,Snapshot oficial de 2026-09-08 com hash e proveniência; Parquet e downloads integrais reprocessados.
ancine-complexos-cinematograficos-evolucao,Complexos Cinematográficos — Evolução Anual,P1,Atualizar,Fonte atual: 19758 registros. Bruto RIDAB: 19743.,"Atualizar o snapshot a partir da origem, reprocessar e registrar data, diferenças e hash. Oferecer download integral por tabela.",Concluído,Snapshot oficial de 2026-09-08 com hash e proveniência; Parquet e downloads integrais reprocessados.
